Title,Company Name,Location,Salary,Summary
SDE II- DevOps Engineer,InMobi,"Bengaluru, Karnataka",Not Disclosed,"Modern work environment, flexible schedule and smart, creative, down-to-earth people.
They have to utilize their rare combination of deep UNIX systems…
Posted30+ days ago·More...View all InMobi jobs - Bengaluru jobsSalary Search: SDE II- DevOps Engineer salaries in Bengaluru, KarnatakaSee popular questions & answers about InMobi"
SDET II,ADCI - Karnataka,"Bengaluru, Karnataka",Not Disclosed,"Bachelor’s degree or higher in Computer Science, Computer Engineering or related field.
3+ years as a Software Development Engineer in Test (SDET).
Posted4 days ago·More...View all ADCI - Karnataka jobs - Bengaluru jobsSalary Search: SDET II salaries in Bengaluru, KarnatakaSee popular questions & answers about ADCI - Karnataka"
Software Development Engineer,ADCI - BLR 14 SEZ,"Bengaluru, Karnataka",Not Disclosed,"Programming experience with at least one modern language such as Java, C++, or C# including object-oriented design.
Previous technical internship(s) preferred.
Posted10 days ago·More...View all ADCI - BLR 14 SEZ jobs - Bengaluru jobsSalary Search: Software Development Engineer salaries in Bengaluru, KarnatakaSee popular questions & answers about ADCI - BLR 14 SEZ"
"SDE- I, Android",Glance,"Bengaluru, Karnataka",Not Disclosed,"This positions us well to use our deep understanding of our customer to bring them rich shopping experiences.
Knowledge of debugging Android mobile applications…
Posted16 days ago·More...View all Glance jobs - Bengaluru jobsSalary Search: SDE- I, Android salaries in Bengaluru, Karnataka"
Software Development Engineer III (SDE III),Upstox,"Mumbai, Maharashtra",Not Disclosed,"Designing, coding and production support of the feature.
Ensuring cross-platform optimization for mobile phones.
Meeting both technical and consumer needs.
Posted30+ days ago·More...View all Upstox jobs - Mumbai jobsSalary Search: Software Development Engineer III (SDE III) salaries in Mumbai, Maharashtra"
iOS Developer - SDE III,slice,"Bengaluru, Karnataka",Not Disclosed,"Slice is India's best credit card challenger to pay bills, manage expenses, and unlock rewards .
We have problems galore, and want folks who can roll up their…
Posted10 days ago·More...View all slice jobs - Bengaluru jobsSalary Search: iOS Developer - SDE III salaries in Bengaluru, Karnataka"
Sr Developer-SDE,Brillio,"Pune, Maharashtra",Not Disclosed,"Having a relevant experience of 4 to 7 years.
Expert in Java 11 and frameworks like Springboot, Spring Security, Spring Integration and Microservice based…
Posted21 days ago·More...View all Brillio jobs - Pune jobsSalary Search: Sr Developer-SDE salaries in Pune, MaharashtraSee popular questions & answers about Brillio"
Software Engineer-SDE,Brillio,"Pune, Maharashtra",Not Disclosed,"It uses this technology to create “sticky” new customer experiences, to achieve surprising cost efficiencies, and to quickly deliver innovative solutions.
Posted26 days ago·More...View all Brillio jobs - Pune jobsSalary Search: Software Engineer-SDE salaries in Pune, MaharashtraSee popular questions & answers about Brillio"
SDE I/II/III - Infrastructure and Devops,Syfe Pte. Ltd.,"Gurgaon, Haryana",Not Disclosed,"Building and managing Infrastructure across cloud multiple cloud vendors using Infrastructure as a Code tool.
Allowance for home office setup.
Posted30+ days ago·More...View all Syfe Pte. Ltd. jobs - Gurgaon jobsSalary Search: SDE I/II/III - Infrastructure and Devops salaries in Gurgaon, Haryana"
"SDE-II, Performance Advertising",ADCI - Karnataka,"Bengaluru, Karnataka",Not Disclosed,"Bachelors (BS/BE) in Computer Science or related field.
2+ years of experience in a full stack product life-cycles including developing of UX and backend…
Posted25 days ago·More...View all ADCI - Karnataka jobs - Bengaluru jobsSalary Search: SDE-II, Performance Advertising salaries in Bengaluru, KarnatakaSee popular questions & answers about ADCI - Karnataka"
SDE III - C++,Upstox,"Mumbai, Maharashtra",Not Disclosed,"Solve complex problems and mentor Junior Developers, Freshers and Interns in the team for following good coding practices and complying with existing quality…
Posted30+ days ago·More...View all Upstox jobs - Mumbai jobsSalary Search: SDE III - C++ salaries in Mumbai, Maharashtra"
SDE II - iOS Dev,Daily Rounds,"Bengaluru, Karnataka",Not Disclosed,"Also, on average, a medical doctor takes 30 key decisions per day which range from what drug to prescribe, when to do a surgery, what device to use, to when to…
Posted30+ days ago·More...View all Daily Rounds jobs - Bengaluru jobsSalary Search: SDE II - iOS Dev salaries in Bengaluru, Karnataka"
SDE II Backend Dev,Daily Rounds,"Bengaluru, Karnataka",Not Disclosed,"Also, on average, a medical doctor takes 30 key decisions per day which range from what drug to prescribe, when to do a surgery, what device to use, to when to…
Posted30+ days ago·More...View all Daily Rounds jobs - Bengaluru jobsSalary Search: SDE II Backend Dev salaries in Bengaluru, Karnataka"
SDE 3 DevOps,Porter,"Bengaluru, Karnataka",Not Disclosed,"As a founding member of the team, you will be laying the groundwork for the team to achieve the following goals.
Setup tooling to achieve continuous testing.
Posted30+ days ago·More...View all Porter jobs - Bengaluru jobsSalary Search: SDE 3 DevOps salaries in Bengaluru, KarnatakaSee popular questions & answers about Porter"
Software Development Engineer(SDE),TELUS International,"Noida, Uttar Pradesh","₹20,294 - ₹1,00,566 a month","4+ years of Professional Experience.
MUST HAVE Selenium, Java, Java Script, Automation Testing, Github, TestNG, BDD framework, SQL, Agile Methodology, Manual…
Posted30+ days ago"
SDE II- DevOps Engineer,InMobi,"Bengaluru, Karnataka",Not Disclosed,"Who are we and What do we do?
InMobi is a global provider of enterprise platform for marketers.
Our platforms help Marketers reach nearly 1.56 billion unique…
Posted30+ days ago·More...View all InMobi jobs - Bengaluru jobsSalary Search: SDE II- DevOps Engineer salaries in Bengaluru, KarnatakaSee popular questions & answers about InMobi"
SDET II,ADCI - Karnataka,"Bengaluru, Karnataka",Not Disclosed,"Bachelor’s degree or higher in Computer Science, Computer Engineering or related field.
3+ years as a Software Development Engineer in Test (SDET).
Posted4 days ago·More...View all ADCI - Karnataka jobs - Bengaluru jobsSalary Search: SDET II salaries in Bengaluru, KarnatakaSee popular questions & answers about ADCI - Karnataka"
Software Development Engineer,ADCI - BLR 14 SEZ,"Bengaluru, Karnataka",Not Disclosed,"Programming experience with at least one modern language such as Java, C++, or C# including object-oriented design.
Previous technical internship(s) preferred.
Posted10 days ago·More...View all ADCI - BLR 14 SEZ jobs - Bengaluru jobsSalary Search: Software Development Engineer salaries in Bengaluru, KarnatakaSee popular questions & answers about ADCI - BLR 14 SEZ"
"SDE- I, Android",Glance,"Bengaluru, Karnataka",Not Disclosed,"Who are we and what do we do?
Glance Founded in 2019, Glance is one of India' largest lock screen platforms of India and Southeast Asia, enabling consumers to…
Posted16 days ago·More...View all Glance jobs - Bengaluru jobsSalary Search: SDE- I, Android salaries in Bengaluru, Karnataka"
Software Development Engineer III (SDE III),Upstox,"Mumbai, Maharashtra",Not Disclosed,"Upstox is one of India's leading Fin-Tech companies with a mission to simplify trading & investing to make it easily accessible to the masses.
Posted30+ days ago·More...View all Upstox jobs - Mumbai jobsSalary Search: Software Development Engineer III (SDE III) salaries in Mumbai, Maharashtra"
iOS Developer - SDE III,slice,"Bengaluru, Karnataka",Not Disclosed,"Slice is India's best credit card challenger to pay bills, manage expenses, and unlock rewards .
Our members love us and swear by us.
Yup, you can count on us.
Posted10 days ago·More...View all slice jobs - Bengaluru jobsSalary Search: iOS Developer - SDE III salaries in Bengaluru, Karnataka"
Sr Developer-SDE,Brillio,"Pune, Maharashtra",Not Disclosed,"Sr Developer-SDE(Job Number: R01505669).
Having a relevant experience of 4 to 7 years.
Expert in Java 11 and frameworks like Springboot, Spring Security, Spring…
Posted21 days ago·More...View all Brillio jobs - Pune jobsSalary Search: Sr Developer-SDE salaries in Pune, MaharashtraSee popular questions & answers about Brillio"
Software Engineer-SDE,Brillio,"Pune, Maharashtra",Not Disclosed,"Software Engineer-SDE(Job Number: R01505668).
Based out of Silicon Valley, Brillio leverages disruptive technology in data and digital to give clients…
Posted26 days ago·More...View all Brillio jobs - Pune jobsSalary Search: Software Engineer-SDE salaries in Pune, MaharashtraSee popular questions & answers about Brillio"
SDE I/II/III - Infrastructure and Devops,Syfe Pte. Ltd.,"Gurgaon, Haryana",Not Disclosed,"Syfe is one of the fastest-growing digital investment platforms in Singapore.
We build personalized, diversified portfolios using proprietary algorithms and…
Posted30+ days ago·More...View all Syfe Pte. Ltd. jobs - Gurgaon jobsSalary Search: SDE I/II/III - Infrastructure and Devops salaries in Gurgaon, Haryana"
"SDE-II, Performance Advertising",ADCI - Karnataka,"Bengaluru, Karnataka",Not Disclosed,"Bachelors (BS/BE) in Computer Science or related field.
2+ years of experience in a full stack product life-cycles including developing of UX and backend…
Posted25 days ago·More...View all ADCI - Karnataka jobs - Bengaluru jobsSalary Search: SDE-II, Performance Advertising salaries in Bengaluru, KarnatakaSee popular questions & answers about ADCI - Karnataka"
SDE III - C++,Upstox,"Mumbai, Maharashtra",Not Disclosed,"Upstox is one of India's leading Fin-Tech companies with a mission to simplify trading & investing to make it easily accessible to the masses.
Posted30+ days ago·More...View all Upstox jobs - Mumbai jobsSalary Search: SDE III - C++ salaries in Mumbai, Maharashtra"
SDE II - iOS Dev,Daily Rounds,"Bengaluru, Karnataka",Not Disclosed,"Doctors need to constantly learn and keep themselves updated about the latest practices in their field.
Case-based learning (clinical cases) is considered to be…
Posted30+ days ago·More...View all Daily Rounds jobs - Bengaluru jobsSalary Search: SDE II - iOS Dev salaries in Bengaluru, Karnataka"
SDE II Backend Dev,Daily Rounds,"Bengaluru, Karnataka",Not Disclosed,"Doctors need to constantly learn and keep themselves updated about the latest practices in their field.
Case-based learning (clinical cases) is considered to be…
Posted30+ days ago·More...View all Daily Rounds jobs - Bengaluru jobsSalary Search: SDE II Backend Dev salaries in Bengaluru, Karnataka"
SDE 3 DevOps,Porter,"Bengaluru, Karnataka",Not Disclosed,"Porter leverages AWS to host its services.
As the 6+ years old company grows rapidly by building new products for its customers following a micro-services…
Posted30+ days ago·More...View all Porter jobs - Bengaluru jobsSalary Search: SDE 3 DevOps salaries in Bengaluru, KarnatakaSee popular questions & answers about Porter"
Software Development Engineer(SDE),TELUS International,"Noida, Uttar Pradesh","₹20,294 - ₹1,00,566 a month","4+ years of Professional Experience.
MUST HAVE Selenium, Java, Java Script, Automation Testing, Github, TestNG, BDD framework, SQL, Agile Methodology, Manual…
Posted30+ days ago"
SDE II- DevOps Engineer,InMobi,"Bengaluru, Karnataka",Not Disclosed,"Modern work environment, flexible schedule and smart, creative, down-to-earth people.
They have to utilize their rare combination of deep UNIX systems…
Posted30+ days ago·More...View all InMobi jobs - Bengaluru jobsSalary Search: SDE II- DevOps Engineer salaries in Bengaluru, KarnatakaSee popular questions & answers about InMobi"
SDET II,ADCI - Karnataka,"Bengaluru, Karnataka",Not Disclosed,"Bachelor’s degree or higher in Computer Science, Computer Engineering or related field.
3+ years as a Software Development Engineer in Test (SDET).
Posted4 days ago·More...View all ADCI - Karnataka jobs - Bengaluru jobsSalary Search: SDET II salaries in Bengaluru, KarnatakaSee popular questions & answers about ADCI - Karnataka"
Software Development Engineer,ADCI - BLR 14 SEZ,"Bengaluru, Karnataka",Not Disclosed,"Programming experience with at least one modern language such as Java, C++, or C# including object-oriented design.
Previous technical internship(s) preferred.
Posted10 days ago·More...View all ADCI - BLR 14 SEZ jobs - Bengaluru jobsSalary Search: Software Development Engineer salaries in Bengaluru, KarnatakaSee popular questions & answers about ADCI - BLR 14 SEZ"
"SDE- I, Android",Glance,"Bengaluru, Karnataka",Not Disclosed,"This positions us well to use our deep understanding of our customer to bring them rich shopping experiences.
Knowledge of debugging Android mobile applications…
Posted16 days ago·More...View all Glance jobs - Bengaluru jobsSalary Search: SDE- I, Android salaries in Bengaluru, Karnataka"
Software Development Engineer III (SDE III),Upstox,"Mumbai, Maharashtra",Not Disclosed,"Designing, coding and production support of the feature.
Ensuring cross-platform optimization for mobile phones.
Meeting both technical and consumer needs.
Posted30+ days ago·More...View all Upstox jobs - Mumbai jobsSalary Search: Software Development Engineer III (SDE III) salaries in Mumbai, Maharashtra"
iOS Developer - SDE III,slice,"Bengaluru, Karnataka",Not Disclosed,"Slice is India's best credit card challenger to pay bills, manage expenses, and unlock rewards .
We have problems galore, and want folks who can roll up their…
Posted10 days ago·More...View all slice jobs - Bengaluru jobsSalary Search: iOS Developer - SDE III salaries in Bengaluru, Karnataka"
Sr Developer-SDE,Brillio,"Pune, Maharashtra",Not Disclosed,"Having a relevant experience of 4 to 7 years.
Expert in Java 11 and frameworks like Springboot, Spring Security, Spring Integration and Microservice based…
Posted21 days ago·More...View all Brillio jobs - Pune jobsSalary Search: Sr Developer-SDE salaries in Pune, MaharashtraSee popular questions & answers about Brillio"
Software Engineer-SDE,Brillio,"Pune, Maharashtra",Not Disclosed,"It uses this technology to create “sticky” new customer experiences, to achieve surprising cost efficiencies, and to quickly deliver innovative solutions.
Posted26 days ago·More...View all Brillio jobs - Pune jobsSalary Search: Software Engineer-SDE salaries in Pune, MaharashtraSee popular questions & answers about Brillio"
SDE I/II/III - Infrastructure and Devops,Syfe Pte. Ltd.,"Gurgaon, Haryana",Not Disclosed,"Building and managing Infrastructure across cloud multiple cloud vendors using Infrastructure as a Code tool.
Allowance for home office setup.
Posted30+ days ago·More...View all Syfe Pte. Ltd. jobs - Gurgaon jobsSalary Search: SDE I/II/III - Infrastructure and Devops salaries in Gurgaon, Haryana"
"SDE-II, Performance Advertising",ADCI - Karnataka,"Bengaluru, Karnataka",Not Disclosed,"Bachelors (BS/BE) in Computer Science or related field.
2+ years of experience in a full stack product life-cycles including developing of UX and backend…
Posted25 days ago·More...View all ADCI - Karnataka jobs - Bengaluru jobsSalary Search: SDE-II, Performance Advertising salaries in Bengaluru, KarnatakaSee popular questions & answers about ADCI - Karnataka"
SDE III - C++,Upstox,"Mumbai, Maharashtra",Not Disclosed,"Solve complex problems and mentor Junior Developers, Freshers and Interns in the team for following good coding practices and complying with existing quality…
Posted30+ days ago·More...View all Upstox jobs - Mumbai jobsSalary Search: SDE III - C++ salaries in Mumbai, Maharashtra"
SDE II - iOS Dev,Daily Rounds,"Bengaluru, Karnataka",Not Disclosed,"Also, on average, a medical doctor takes 30 key decisions per day which range from what drug to prescribe, when to do a surgery, what device to use, to when to…
Posted30+ days ago·More...View all Daily Rounds jobs - Bengaluru jobsSalary Search: SDE II - iOS Dev salaries in Bengaluru, Karnataka"
SDE II Backend Dev,Daily Rounds,"Bengaluru, Karnataka",Not Disclosed,"Also, on average, a medical doctor takes 30 key decisions per day which range from what drug to prescribe, when to do a surgery, what device to use, to when to…
Posted30+ days ago·More...View all Daily Rounds jobs - Bengaluru jobsSalary Search: SDE II Backend Dev salaries in Bengaluru, Karnataka"
SDE 3 DevOps,Porter,"Bengaluru, Karnataka",Not Disclosed,"As a founding member of the team, you will be laying the groundwork for the team to achieve the following goals.
Setup tooling to achieve continuous testing.
Posted30+ days ago·More...View all Porter jobs - Bengaluru jobsSalary Search: SDE 3 DevOps salaries in Bengaluru, KarnatakaSee popular questions & answers about Porter"
Software Development Engineer(SDE),TELUS International,"Noida, Uttar Pradesh","₹20,294 - ₹1,00,566 a month","4+ years of Professional Experience.
MUST HAVE Selenium, Java, Java Script, Automation Testing, Github, TestNG, BDD framework, SQL, Agile Methodology, Manual…
Posted30+ days ago"
SDE II- DevOps Engineer,InMobi,"Bengaluru, Karnataka",Not Disclosed,"Modern work environment, flexible schedule and smart, creative, down-to-earth people.
They have to utilize their rare combination of deep UNIX systems…
Posted30+ days ago·More...View all InMobi jobs - Bengaluru jobsSalary Search: SDE II- DevOps Engineer salaries in Bengaluru, KarnatakaSee popular questions & answers about InMobi"
SDET II,ADCI - Karnataka,"Bengaluru, Karnataka",Not Disclosed,"Bachelor’s degree or higher in Computer Science, Computer Engineering or related field.
3+ years as a Software Development Engineer in Test (SDET).
Posted4 days ago·More...View all ADCI - Karnataka jobs - Bengaluru jobsSalary Search: SDET II salaries in Bengaluru, KarnatakaSee popular questions & answers about ADCI - Karnataka"
Software Development Engineer,ADCI - BLR 14 SEZ,"Bengaluru, Karnataka",Not Disclosed,"Programming experience with at least one modern language such as Java, C++, or C# including object-oriented design.
Previous technical internship(s) preferred.
Posted10 days ago·More...View all ADCI - BLR 14 SEZ jobs - Bengaluru jobsSalary Search: Software Development Engineer salaries in Bengaluru, KarnatakaSee popular questions & answers about ADCI - BLR 14 SEZ"
"SDE- I, Android",Glance,"Bengaluru, Karnataka",Not Disclosed,"This positions us well to use our deep understanding of our customer to bring them rich shopping experiences.
Knowledge of debugging Android mobile applications…
Posted16 days ago·More...View all Glance jobs - Bengaluru jobsSalary Search: SDE- I, Android salaries in Bengaluru, Karnataka"
Software Development Engineer III (SDE III),Upstox,"Mumbai, Maharashtra",Not Disclosed,"Designing, coding and production support of the feature.
Ensuring cross-platform optimization for mobile phones.
Meeting both technical and consumer needs.
Posted30+ days ago·More...View all Upstox jobs - Mumbai jobsSalary Search: Software Development Engineer III (SDE III) salaries in Mumbai, Maharashtra"
iOS Developer - SDE III,slice,"Bengaluru, Karnataka",Not Disclosed,"Slice is India's best credit card challenger to pay bills, manage expenses, and unlock rewards .
We have problems galore, and want folks who can roll up their…
Posted10 days ago·More...View all slice jobs - Bengaluru jobsSalary Search: iOS Developer - SDE III salaries in Bengaluru, Karnataka"
Sr Developer-SDE,Brillio,"Pune, Maharashtra",Not Disclosed,"Having a relevant experience of 4 to 7 years.
Expert in Java 11 and frameworks like Springboot, Spring Security, Spring Integration and Microservice based…
Posted21 days ago·More...View all Brillio jobs - Pune jobsSalary Search: Sr Developer-SDE salaries in Pune, MaharashtraSee popular questions & answers about Brillio"
Software Engineer-SDE,Brillio,"Pune, Maharashtra",Not Disclosed,"It uses this technology to create “sticky” new customer experiences, to achieve surprising cost efficiencies, and to quickly deliver innovative solutions.
Posted26 days ago·More...View all Brillio jobs - Pune jobsSalary Search: Software Engineer-SDE salaries in Pune, MaharashtraSee popular questions & answers about Brillio"
SDE I/II/III - Infrastructure and Devops,Syfe Pte. Ltd.,"Gurgaon, Haryana",Not Disclosed,"Building and managing Infrastructure across cloud multiple cloud vendors using Infrastructure as a Code tool.
Allowance for home office setup.
Posted30+ days ago·More...View all Syfe Pte. Ltd. jobs - Gurgaon jobsSalary Search: SDE I/II/III - Infrastructure and Devops salaries in Gurgaon, Haryana"
"SDE-II, Performance Advertising",ADCI - Karnataka,"Bengaluru, Karnataka",Not Disclosed,"Bachelors (BS/BE) in Computer Science or related field.
2+ years of experience in a full stack product life-cycles including developing of UX and backend…
Posted25 days ago·More...View all ADCI - Karnataka jobs - Bengaluru jobsSalary Search: SDE-II, Performance Advertising salaries in Bengaluru, KarnatakaSee popular questions & answers about ADCI - Karnataka"
SDE III - C++,Upstox,"Mumbai, Maharashtra",Not Disclosed,"Solve complex problems and mentor Junior Developers, Freshers and Interns in the team for following good coding practices and complying with existing quality…
Posted30+ days ago·More...View all Upstox jobs - Mumbai jobsSalary Search: SDE III - C++ salaries in Mumbai, Maharashtra"
SDE II - iOS Dev,Daily Rounds,"Bengaluru, Karnataka",Not Disclosed,"Also, on average, a medical doctor takes 30 key decisions per day which range from what drug to prescribe, when to do a surgery, what device to use, to when to…
Posted30+ days ago·More...View all Daily Rounds jobs - Bengaluru jobsSalary Search: SDE II - iOS Dev salaries in Bengaluru, Karnataka"
SDE II Backend Dev,Daily Rounds,"Bengaluru, Karnataka",Not Disclosed,"Also, on average, a medical doctor takes 30 key decisions per day which range from what drug to prescribe, when to do a surgery, what device to use, to when to…
Posted30+ days ago·More...View all Daily Rounds jobs - Bengaluru jobsSalary Search: SDE II Backend Dev salaries in Bengaluru, Karnataka"
SDE 3 DevOps,Porter,"Bengaluru, Karnataka",Not Disclosed,"As a founding member of the team, you will be laying the groundwork for the team to achieve the following goals.
Setup tooling to achieve continuous testing.
Posted30+ days ago·More...View all Porter jobs - Bengaluru jobsSalary Search: SDE 3 DevOps salaries in Bengaluru, KarnatakaSee popular questions & answers about Porter"
Software Development Engineer(SDE),TELUS International,"Noida, Uttar Pradesh","₹20,294 - ₹1,00,566 a month","4+ years of Professional Experience.
MUST HAVE Selenium, Java, Java Script, Automation Testing, Github, TestNG, BDD framework, SQL, Agile Methodology, Manual…
Posted30+ days ago"
Software Development Engineer (SDE) - I / Software Developme...,Volercars,"Gurgaon, Haryana",Not Disclosed,"To focus on understanding the technical specifications and translate the same into reusable, maintainable and executable codes within specified timelines and…
Posted30+ days ago·More...View all Volercars jobs - Gurgaon jobsSalary Search: Software Development Engineer (SDE) - I / Software Development Engineer (SDE) - II salaries in Gurgaon, Haryana"
SDE II - UI,Meredith Corporation,"Bengaluru, Karnataka",Not Disclosed,"You will work closely with stakeholders in business and product development to understand requirements, build prototypes, and deliver world-class features.
Posted30+ days ago·More...View all Meredith Corporation jobs - Bengaluru jobsSalary Search: SDE II - UI salaries in Bengaluru, Karnataka"
"Software development engineer, ESTech",ADCI HYD 16 SEZ,"Hyderabad, Telangana+1 location",Not Disclosed,"Programming experience with at least one modern language such as Java, C++, or C# including object-oriented design.
Experience building cloud services on AWS.
Posted7 days ago·More...View all ADCI HYD 16 SEZ jobs - Hyderabad jobsSalary Search: Software development engineer, ESTech salaries in Hyderabad, TelanganaSee popular questions & answers about ADCI HYD 16 SEZ"
SDE II (Greenfield initiative),ADCI - Haryana,"Gurgaon, Haryana",Not Disclosed,"2+ years of non-internship professional software development experience.
Programming experience with at least one modern language such as Java, C++, or C#…
Posted30+ days ago·More...View all ADCI - Haryana jobs - Gurgaon jobsSalary Search: SDE II (Greenfield initiative) salaries in Gurgaon, HaryanaSee popular questions & answers about ADCI - Haryana"
Software Development Engineer,ADCI - BLR 14 SEZ,"Bengaluru, Karnataka",Not Disclosed,"Programming experience with at least one modern language such as Java, C++, or C# including object-oriented design.
Previous technical internship(s) preferred.
Posted10 days ago·More...View all ADCI - BLR 14 SEZ jobs - Bengaluru jobsSalary Search: Software Development Engineer salaries in Bengaluru, KarnatakaSee popular questions & answers about ADCI - BLR 14 SEZ"
SDE I/II Graphic Engineer,sharechat,"Temporarily Remote in Bengaluru, Karnataka",Not Disclosed,"This engineering group will also be doing system-level analysis and design for all current and future needs.
You have 2+ years of experience working on building…
Posted30+ days ago·More...View all sharechat jobs - Bengaluru jobsSalary Search: SDE I/II Graphic Engineer salaries in Bengaluru, KarnatakaSee popular questions & answers about sharechat"
"SDE, Amazon Business Tech",ADCI HYD 13 SEZ,"Hyderabad, Telangana",Not Disclosed,"2+ years of non-internship professional software development experience.
Programming experience with at least one modern language such as Java, C++, or C#…
Posted30+ days ago·More...View all ADCI HYD 13 SEZ jobs - Hyderabad jobsSalary Search: SDE, Amazon Business Tech salaries in Hyderabad, TelanganaSee popular questions & answers about ADCI HYD 13 SEZ"
Software GoLang/Python Developer 3 (JoinOCI-SDE),Oracle,"Bengaluru, Karnataka",Not Disclosed,"Degree in Computer Science or related technical field involving coding or equivalent practical experience.
Proficient with writing services/task automation in…
Posted30+ days ago·More...View all Oracle jobs - Bengaluru jobsSalary Search: Software GoLang/Python Developer 3 (JoinOCI-SDE) salaries in Bengaluru, KarnatakaSee popular questions & answers about Oracle"
SDE III - Glance,Glance,"Bengaluru, Karnataka",Not Disclosed,"Glance is a lock-screen first mobile content platform set up within InMobi.
At Glance, you get food for your body, soul, and mind with daily meals, gym, and…
Posted30+ days ago·More...View all Glance jobs - Bengaluru jobsSalary Search: SDE III - Glance salaries in Bengaluru, Karnataka"
Hardware Design - SDE/ ML / PL/ PM - Defence,Mistral Solutions,"Bengaluru, Karnataka",Not Disclosed,"From the initial architecture stage all the way to manufacturing support, Mistral provides hardware design services for embedded product development which…
Posted30+ days ago·More...View all Mistral Solutions jobs - Bengaluru jobsSalary Search: Hardware Design - SDE/ ML / PL/ PM - Defence salaries in Bengaluru, Karnataka"
SDE-II Android Dev,Daily Rounds,"Bengaluru, Karnataka",Not Disclosed,"Also, on average, a medical doctor takes 30 key decisions per day which range from what drug to prescribe, when to do a surgery, what device to use, to when to…
Posted30+ days ago·More...View all Daily Rounds jobs - Bengaluru jobsSalary Search: SDE-II Android Dev salaries in Bengaluru, Karnataka"
SDE - Building Next Gen Financial systems,ADCI - Haryana,"Gurgaon, Haryana",Not Disclosed,"2+ years of non-internship professional software development experience.
Programming experience with at least one modern language such as Java, C++, or C#…
Posted30+ days ago·More...View all ADCI - Haryana jobs - Gurgaon jobsSalary Search: SDE - Building Next Gen Financial systems salaries in Gurgaon, HaryanaSee popular questions & answers about ADCI - Haryana"
SDE - III,Meredith Corporation,"Bengaluru, Karnataka",Not Disclosed,"Exceptional team using with a wide array of technologies and third party services to drive our Order Management, Merchant Processing, Customer Notification, and…
Posted30+ days ago·More...View all Meredith Corporation jobs - Bengaluru jobsSalary Search: SDE - III salaries in Bengaluru, Karnataka"
Backend Engineer (SDE 1),Bombay Softwares,"Mumbai, Maharashtra",Not Disclosed,"We are looking for smart, dynamic individuals who have a passion for solving complex problems, and a strong will to learn.
Strong knowledge of version control.
Posted30+ days ago·More...View all Bombay Softwares jobs - Mumbai jobsSalary Search: Backend Engineer (SDE 1) salaries in Mumbai, Maharashtra"
PES010 - Hardware Design - SDE/Module/Project Lead,Mistral Solutions,"Bengaluru, Karnataka",Not Disclosed,"From the initial architecture stage all the way to manufacturing support, Mistral provides hardware design services for embedded product development which…
Posted30+ days ago·More...View all Mistral Solutions jobs - Bengaluru jobsSalary Search: PES010 - Hardware Design - SDE/Module/Project Lead salaries in Bengaluru, Karnataka"
SDE II- DevOps Engineer,InMobi,"Bengaluru, Karnataka",Not Disclosed,"Modern work environment, flexible schedule and smart, creative, down-to-earth people.
They have to utilize their rare combination of deep UNIX systems…
Posted30+ days ago·More...View all InMobi jobs - Bengaluru jobsSalary Search: SDE II- DevOps Engineer salaries in Bengaluru, KarnatakaSee popular questions & answers about InMobi"
SDET II,ADCI - Karnataka,"Bengaluru, Karnataka",Not Disclosed,"Bachelor’s degree or higher in Computer Science, Computer Engineering or related field.
3+ years as a Software Development Engineer in Test (SDET).
Posted4 days ago·More...View all ADCI - Karnataka jobs - Bengaluru jobsSalary Search: SDET II salaries in Bengaluru, KarnatakaSee popular questions & answers about ADCI - Karnataka"
Software Development Engineer,ADCI - BLR 14 SEZ,"Bengaluru, Karnataka",Not Disclosed,"Programming experience with at least one modern language such as Java, C++, or C# including object-oriented design.
Previous technical internship(s) preferred.
Posted10 days ago·More...View all ADCI - BLR 14 SEZ jobs - Bengaluru jobsSalary Search: Software Development Engineer salaries in Bengaluru, KarnatakaSee popular questions & answers about ADCI - BLR 14 SEZ"
"SDE- I, Android",Glance,"Bengaluru, Karnataka",Not Disclosed,"This positions us well to use our deep understanding of our customer to bring them rich shopping experiences.
Knowledge of debugging Android mobile applications…
Posted16 days ago·More...View all Glance jobs - Bengaluru jobsSalary Search: SDE- I, Android salaries in Bengaluru, Karnataka"
Software Development Engineer III (SDE III),Upstox,"Mumbai, Maharashtra",Not Disclosed,"Designing, coding and production support of the feature.
Ensuring cross-platform optimization for mobile phones.
Meeting both technical and consumer needs.
Posted30+ days ago·More...View all Upstox jobs - Mumbai jobsSalary Search: Software Development Engineer III (SDE III) salaries in Mumbai, Maharashtra"
iOS Developer - SDE III,slice,"Bengaluru, Karnataka",Not Disclosed,"Slice is India's best credit card challenger to pay bills, manage expenses, and unlock rewards .
We have problems galore, and want folks who can roll up their…
Posted10 days ago·More...View all slice jobs - Bengaluru jobsSalary Search: iOS Developer - SDE III salaries in Bengaluru, Karnataka"
Sr Developer-SDE,Brillio,"Pune, Maharashtra",Not Disclosed,"Having a relevant experience of 4 to 7 years.
Expert in Java 11 and frameworks like Springboot, Spring Security, Spring Integration and Microservice based…
Posted21 days ago·More...View all Brillio jobs - Pune jobsSalary Search: Sr Developer-SDE salaries in Pune, MaharashtraSee popular questions & answers about Brillio"
Software Engineer-SDE,Brillio,"Pune, Maharashtra",Not Disclosed,"It uses this technology to create “sticky” new customer experiences, to achieve surprising cost efficiencies, and to quickly deliver innovative solutions.
Posted26 days ago·More...View all Brillio jobs - Pune jobsSalary Search: Software Engineer-SDE salaries in Pune, MaharashtraSee popular questions & answers about Brillio"
SDE I/II/III - Infrastructure and Devops,Syfe Pte. Ltd.,"Gurgaon, Haryana",Not Disclosed,"Building and managing Infrastructure across cloud multiple cloud vendors using Infrastructure as a Code tool.
Allowance for home office setup.
Posted30+ days ago·More...View all Syfe Pte. Ltd. jobs - Gurgaon jobsSalary Search: SDE I/II/III - Infrastructure and Devops salaries in Gurgaon, Haryana"
"SDE-II, Performance Advertising",ADCI - Karnataka,"Bengaluru, Karnataka",Not Disclosed,"Bachelors (BS/BE) in Computer Science or related field.
2+ years of experience in a full stack product life-cycles including developing of UX and backend…
Posted25 days ago·More...View all ADCI - Karnataka jobs - Bengaluru jobsSalary Search: SDE-II, Performance Advertising salaries in Bengaluru, KarnatakaSee popular questions & answers about ADCI - Karnataka"
SDE III - C++,Upstox,"Mumbai, Maharashtra",Not Disclosed,"Solve complex problems and mentor Junior Developers, Freshers and Interns in the team for following good coding practices and complying with existing quality…
Posted30+ days ago·More...View all Upstox jobs - Mumbai jobsSalary Search: SDE III - C++ salaries in Mumbai, Maharashtra"
SDE II - iOS Dev,Daily Rounds,"Bengaluru, Karnataka",Not Disclosed,"Also, on average, a medical doctor takes 30 key decisions per day which range from what drug to prescribe, when to do a surgery, what device to use, to when to…
Posted30+ days ago·More...View all Daily Rounds jobs - Bengaluru jobsSalary Search: SDE II - iOS Dev salaries in Bengaluru, Karnataka"
SDE II Backend Dev,Daily Rounds,"Bengaluru, Karnataka",Not Disclosed,"Also, on average, a medical doctor takes 30 key decisions per day which range from what drug to prescribe, when to do a surgery, what device to use, to when to…
Posted30+ days ago·More...View all Daily Rounds jobs - Bengaluru jobsSalary Search: SDE II Backend Dev salaries in Bengaluru, Karnataka"
SDE 3 DevOps,Porter,"Bengaluru, Karnataka",Not Disclosed,"As a founding member of the team, you will be laying the groundwork for the team to achieve the following goals.
Setup tooling to achieve continuous testing.
Posted30+ days ago·More...View all Porter jobs - Bengaluru jobsSalary Search: SDE 3 DevOps salaries in Bengaluru, KarnatakaSee popular questions & answers about Porter"
Software Development Engineer(SDE),TELUS International,"Noida, Uttar Pradesh","₹20,294 - ₹1,00,566 a month","4+ years of Professional Experience.
MUST HAVE Selenium, Java, Java Script, Automation Testing, Github, TestNG, BDD framework, SQL, Agile Methodology, Manual…
Posted30+ days ago"
SDE II- DevOps Engineer,InMobi,"Bengaluru, Karnataka",Not Disclosed,"Modern work environment, flexible schedule and smart, creative, down-to-earth people.
They have to utilize their rare combination of deep UNIX systems…
Posted30+ days ago·More...View all InMobi jobs - Bengaluru jobsSalary Search: SDE II- DevOps Engineer salaries in Bengaluru, KarnatakaSee popular questions & answers about InMobi"
SDET II,ADCI - Karnataka,"Bengaluru, Karnataka",Not Disclosed,"Bachelor’s degree or higher in Computer Science, Computer Engineering or related field.
3+ years as a Software Development Engineer in Test (SDET).
Posted4 days ago·More...View all ADCI - Karnataka jobs - Bengaluru jobsSalary Search: SDET II salaries in Bengaluru, KarnatakaSee popular questions & answers about ADCI - Karnataka"
Software Development Engineer,ADCI - BLR 14 SEZ,"Bengaluru, Karnataka",Not Disclosed,"Programming experience with at least one modern language such as Java, C++, or C# including object-oriented design.
Previous technical internship(s) preferred.
Posted10 days ago·More...View all ADCI - BLR 14 SEZ jobs - Bengaluru jobsSalary Search: Software Development Engineer salaries in Bengaluru, KarnatakaSee popular questions & answers about ADCI - BLR 14 SEZ"
"SDE- I, Android",Glance,"Bengaluru, Karnataka",Not Disclosed,"This positions us well to use our deep understanding of our customer to bring them rich shopping experiences.
Knowledge of debugging Android mobile applications…
Posted16 days ago·More...View all Glance jobs - Bengaluru jobsSalary Search: SDE- I, Android salaries in Bengaluru, Karnataka"
Software Development Engineer III (SDE III),Upstox,"Mumbai, Maharashtra",Not Disclosed,"Designing, coding and production support of the feature.
Ensuring cross-platform optimization for mobile phones.
Meeting both technical and consumer needs.
Posted30+ days ago·More...View all Upstox jobs - Mumbai jobsSalary Search: Software Development Engineer III (SDE III) salaries in Mumbai, Maharashtra"
iOS Developer - SDE III,slice,"Bengaluru, Karnataka",Not Disclosed,"Slice is India's best credit card challenger to pay bills, manage expenses, and unlock rewards .
We have problems galore, and want folks who can roll up their…
Posted10 days ago·More...View all slice jobs - Bengaluru jobsSalary Search: iOS Developer - SDE III salaries in Bengaluru, Karnataka"
Sr Developer-SDE,Brillio,"Pune, Maharashtra",Not Disclosed,"Having a relevant experience of 4 to 7 years.
Expert in Java 11 and frameworks like Springboot, Spring Security, Spring Integration and Microservice based…
Posted21 days ago·More...View all Brillio jobs - Pune jobsSalary Search: Sr Developer-SDE salaries in Pune, MaharashtraSee popular questions & answers about Brillio"
Software Engineer-SDE,Brillio,"Pune, Maharashtra",Not Disclosed,"It uses this technology to create “sticky” new customer experiences, to achieve surprising cost efficiencies, and to quickly deliver innovative solutions.
Posted26 days ago·More...View all Brillio jobs - Pune jobsSalary Search: Software Engineer-SDE salaries in Pune, MaharashtraSee popular questions & answers about Brillio"
SDE I/II/III - Infrastructure and Devops,Syfe Pte. Ltd.,"Gurgaon, Haryana",Not Disclosed,"Building and managing Infrastructure across cloud multiple cloud vendors using Infrastructure as a Code tool.
Allowance for home office setup.
Posted30+ days ago·More...View all Syfe Pte. Ltd. jobs - Gurgaon jobsSalary Search: SDE I/II/III - Infrastructure and Devops salaries in Gurgaon, Haryana"
"SDE-II, Performance Advertising",ADCI - Karnataka,"Bengaluru, Karnataka",Not Disclosed,"Bachelors (BS/BE) in Computer Science or related field.
2+ years of experience in a full stack product life-cycles including developing of UX and backend…
Posted25 days ago·More...View all ADCI - Karnataka jobs - Bengaluru jobsSalary Search: SDE-II, Performance Advertising salaries in Bengaluru, KarnatakaSee popular questions & answers about ADCI - Karnataka"
SDE III - C++,Upstox,"Mumbai, Maharashtra",Not Disclosed,"Solve complex problems and mentor Junior Developers, Freshers and Interns in the team for following good coding practices and complying with existing quality…
Posted30+ days ago·More...View all Upstox jobs - Mumbai jobsSalary Search: SDE III - C++ salaries in Mumbai, Maharashtra"
SDE II - iOS Dev,Daily Rounds,"Bengaluru, Karnataka",Not Disclosed,"Also, on average, a medical doctor takes 30 key decisions per day which range from what drug to prescribe, when to do a surgery, what device to use, to when to…
Posted30+ days ago·More...View all Daily Rounds jobs - Bengaluru jobsSalary Search: SDE II - iOS Dev salaries in Bengaluru, Karnataka"
SDE II Backend Dev,Daily Rounds,"Bengaluru, Karnataka",Not Disclosed,"Also, on average, a medical doctor takes 30 key decisions per day which range from what drug to prescribe, when to do a surgery, what device to use, to when to…
Posted30+ days ago·More...View all Daily Rounds jobs - Bengaluru jobsSalary Search: SDE II Backend Dev salaries in Bengaluru, Karnataka"
SDE 3 DevOps,Porter,"Bengaluru, Karnataka",Not Disclosed,"As a founding member of the team, you will be laying the groundwork for the team to achieve the following goals.
Setup tooling to achieve continuous testing.
Posted30+ days ago·More...View all Porter jobs - Bengaluru jobsSalary Search: SDE 3 DevOps salaries in Bengaluru, KarnatakaSee popular questions & answers about Porter"
Software Development Engineer(SDE),TELUS International,"Noida, Uttar Pradesh","₹20,294 - ₹1,00,566 a month","4+ years of Professional Experience.
MUST HAVE Selenium, Java, Java Script, Automation Testing, Github, TestNG, BDD framework, SQL, Agile Methodology, Manual…
Posted30+ days ago"
SDE II - UI,Meredith Corporation,"Bengaluru, Karnataka",Not Disclosed,"Job Summary: Meredith Digital – UI Developer.
Meredith has an exciting opportunity for talented software engineers to join the Big Data Team which is currently…
Posted30+ days ago·More...View all Meredith Corporation jobs - Bengaluru jobsSalary Search: SDE II - UI salaries in Bengaluru, Karnataka"
"Software development engineer, ESTech",ADCI HYD 16 SEZ,"Hyderabad, Telangana+1 location",Not Disclosed,"Programming experience with at least one modern language such as Java, C++, or C# including object-oriented design.
Experience building cloud services on AWS.
Posted7 days ago·More...View all ADCI HYD 16 SEZ jobs - Hyderabad jobsSalary Search: Software development engineer, ESTech salaries in Hyderabad, TelanganaSee popular questions & answers about ADCI HYD 16 SEZ"
SDE II (Greenfield initiative),ADCI - Haryana,"Gurgaon, Haryana",Not Disclosed,"2+ years of non-internship professional software development experience.
Programming experience with at least one modern language such as Java, C++, or C#…
Posted30+ days ago·More...View all ADCI - Haryana jobs - Gurgaon jobsSalary Search: SDE II (Greenfield initiative) salaries in Gurgaon, HaryanaSee popular questions & answers about ADCI - Haryana"
Software Development Engineer,ADCI - BLR 14 SEZ,"Bengaluru, Karnataka",Not Disclosed,"Programming experience with at least one modern language such as Java, C++, or C# including object-oriented design.
Previous technical internship(s) preferred.
Posted10 days ago·More...View all ADCI - BLR 14 SEZ jobs - Bengaluru jobsSalary Search: Software Development Engineer salaries in Bengaluru, KarnatakaSee popular questions & answers about ADCI - BLR 14 SEZ"
SDE I/II Graphic Engineer,sharechat,"Temporarily Remote in Bengaluru, Karnataka",Not Disclosed,"ShareChat (https://we.sharechat.com/) is India’s leading social media platform that operates exclusively in Indic languages.
Posted30+ days ago·More...View all sharechat jobs - Bengaluru jobsSalary Search: SDE I/II Graphic Engineer salaries in Bengaluru, KarnatakaSee popular questions & answers about sharechat"
"SDE, Amazon Business Tech",ADCI HYD 13 SEZ,"Hyderabad, Telangana",Not Disclosed,"2+ years of non-internship professional software development experience.
Programming experience with at least one modern language such as Java, C++, or C#…
Posted30+ days ago·More...View all ADCI HYD 13 SEZ jobs - Hyderabad jobsSalary Search: SDE, Amazon Business Tech salaries in Hyderabad, TelanganaSee popular questions & answers about ADCI HYD 13 SEZ"
Software GoLang/Python Developer 3 (JoinOCI-SDE),Oracle,"Bengaluru, Karnataka",Not Disclosed,"Degree in Computer Science or related technical field involving coding or equivalent practical experience.
Proficient with writing services/task automation in…
Posted30+ days ago·More...View all Oracle jobs - Bengaluru jobsSalary Search: Software GoLang/Python Developer 3 (JoinOCI-SDE) salaries in Bengaluru, KarnatakaSee popular questions & answers about Oracle"
SDE III - Glance,Glance,"Bengaluru, Karnataka",Not Disclosed,"Who are we and What do we do?
Glance – An InMobi Group Company:
Glance is an AI-first Screen Zero content discovery platform, and it's scaled massively in the…
Posted30+ days ago·More...View all Glance jobs - Bengaluru jobsSalary Search: SDE III - Glance salaries in Bengaluru, Karnataka"
Hardware Design - SDE/ ML / PL/ PM - Defence,Mistral Solutions,"Bengaluru, Karnataka",Not Disclosed,"From the initial architecture stage all the way to manufacturing support, Mistral provides hardware design services for embedded product development which…
Posted30+ days ago·More...View all Mistral Solutions jobs - Bengaluru jobsSalary Search: Hardware Design - SDE/ ML / PL/ PM - Defence salaries in Bengaluru, Karnataka"
SDE-II Android Dev,Daily Rounds,"Bengaluru, Karnataka",Not Disclosed,"Doctors need to constantly learn and keep themselves updated about the latest practices in their field.
Case-based learning (clinical cases) is considered to be…
Posted30+ days ago·More...View all Daily Rounds jobs - Bengaluru jobsSalary Search: SDE-II Android Dev salaries in Bengaluru, Karnataka"
SDE - Building Next Gen Financial systems,ADCI - Haryana,"Gurgaon, Haryana",Not Disclosed,"2+ years of non-internship professional software development experience.
Programming experience with at least one modern language such as Java, C++, or C#…
Posted30+ days ago·More...View all ADCI - Haryana jobs - Gurgaon jobsSalary Search: SDE - Building Next Gen Financial systems salaries in Gurgaon, HaryanaSee popular questions & answers about ADCI - Haryana"
SDE - III,Meredith Corporation,"Bengaluru, Karnataka",Not Disclosed,"Exceptional team using with a wide array of technologies and third party services to drive our Order Management, Merchant Processing, Customer Notification, and…
Posted30+ days ago·More...View all Meredith Corporation jobs - Bengaluru jobsSalary Search: SDE - III salaries in Bengaluru, Karnataka"
Backend Engineer (SDE 1),Bombay Softwares,"Mumbai, Maharashtra",Not Disclosed,"We are looking for smart, dynamic individuals who have a passion for solving complex problems, and a strong will to learn.
Strong knowledge of version control.
Posted30+ days ago·More...View all Bombay Softwares jobs - Mumbai jobsSalary Search: Backend Engineer (SDE 1) salaries in Mumbai, Maharashtra"
PES010 - Hardware Design - SDE/Module/Project Lead,Mistral Solutions,"Bengaluru, Karnataka",Not Disclosed,"From the initial architecture stage all the way to manufacturing support, Mistral provides hardware design services for embedded product development which…
Posted30+ days ago·More...View all Mistral Solutions jobs - Bengaluru jobsSalary Search: PES010 - Hardware Design - SDE/Module/Project Lead salaries in Bengaluru, Karnataka"
Software Development Engineer(SDE),TELUS International,"Noida, Uttar Pradesh","₹20,294 - ₹1,00,566 a month","4+ years of Professional Experience.
MUST HAVE Selenium, Java, Java Script, Automation Testing, Github, TestNG, BDD framework, SQL, Agile Methodology, Manual…
Posted30+ days ago"
